country_id,country_name,post_ussr,industry,service,agro,hh_cons,gov_exp,invest,net_export,empl_ind,empl_serv,empl_agro,gdp_growth_ave,infl_ave,unempl_ave,empl_ave,fisc_bal_ave,gov_debt_ave,cur_bal_ave,gdp_perc_ppp,gini,povert,electro,elecdem,parpipdem,delibdem,frefair,jucon,legcon,cspart,locelec,eltrnout,clrelig,clstown,svstterr,mediacens,womempow,freeexp,male,nat_pop_increase,migration,rural,life_expect,med_age,death_rate,birth_rate,fertility,education,atheist,rus_lang,main_relig,arm_exp,arm_imp,mil_expend
1,Afghanistan,0,0.124708906,0.560685496,0.270135608,0.81,0.28,0.12,-3,0.185499992,0.389599991,0.425,0.010553511,0.026348244,0.112566667,0.5035,-0.00628,0.075845,0.11525,2087.636394,0.278,0.545,0.977,0.366,0.151,0.289,0.153,0.358,0.424,0.783,0.005,0.19,-0.475,-0.346,46.4,1.149,0.575,0.682,0.513154799,0.64833,0.011755469,0.73974,18.438,18.438,6.285,31.802,4.321,0.041,0.009,0,6,0,1384,0.044896631
2,Albania,0,0.197049995,0.48428285,0.192520985,0.802054117,0.115183423,0.241010255,-0.148310313,0.201499996,0.434300003,0.364199982,0.00977918,0.019031816,0.118233333,0.679166667,-0.03341,0.718925,-0.081133333,13817.75897,0.29,0.143,1,0.501,0.316,0.221,0.497,0.597,0.821,0.721,0.929,,2.284,1.895,94.8,-0.393,0.911,0.687,0.508970047,0.78573,0.019890364,0.37888,36.399,36.399,8.082,11.62,1.597,0.289234695,0.009,0,6,0,11,0.046681072
3,Algeria,0,0.342486109,0.47779768,0.142277235,0.435004381,0.169460993,0.448293102,-0.110499166,0.304200001,0.599900017,0.096000004,0.011,0.028789631,0.121766667,0.4639,-0.059063333,0.49419,-0.100126667,11268.26447,0.276,0.055,0.995,0.277,0.111,0.185,0.278,0.147,0.309,0.349,0.112,0.3988,-0.633,-1.755,97.333,-1.518,0.784,0.453,0.505205954,0.7688,0.00611072,0.26267,28.521,28.521,4.716,23.583,2.988,0.473,0.018,0,6,0,6027,0.169895542
6,Angola,0,0.447609032,0.413944361,0.09429773,0.558111537,0.100041206,0.227622596,0.079528938,0.068000002,0.424700012,0.507299995,-0.02222928,0.221844699,0.0721,0.780166667,0.00411,1.17111,0.040593333,6538.452054,0.513,0.323,0.456703148,0.346,0.104,0.19,0.253,0.571,0.31,0.429,,,0.857,-0.702,89,0.285,0.731,0.595,0.494758638,0.61147,0.004270047,0.33175,16.677,16.677,7.981,40.232,5.442,0.289,0.052,0,2,0,745,0.077938
8,Argentina,0,0.224694767,0.54337188,0.068360802,0.646142004,0.15771007,0.137765982,0.027272166,0.218400002,0.780999985,0.0006,-0.006116213,0.43,0.102433333,0.689366667,-0.062846667,0.96596,-0.01724,20767.6105,0.429,0.355,1,0.831,0.547,0.685,0.865,0.792,0.723,0.812,0.925,0.79,2.925,0.941,99.167,2.524,0.875,0.966,0.487858545,0.76667,0.048052923,0.07889,31.532,31.532,7.604,16.833,2.247,0.459,0.121,0,2,0,139,0.017114091
9,Armenia,1,0.264138474,0.532963673,0.117173127,0.834395692,0.124720895,0.172245621,-0.08641984,0.2475,0.512000008,0.240499992,0.067666667,0.015670743,0.1933,0.624066667,-0.032246667,0.56347,-0.0623,13284.16083,0.299,0.264,1,0.786,0.469,0.635,0.904,0.592,0.693,0.745,0.655,0.4863,1.22,2.366,97.5,0.936,0.901,0.852,0.470346588,0.75087,0.063358929,0.36687,35.374,35.374,9.835,13.646,1.758,0.964698181,0.013,0,2,0,377,0.167195277
11,Australia,0,0.256880849,0.660401886,0.018979691,0.552831493,0.190084909,0.222555426,0.038526008,0.190599995,0.783799973,0.025599999,0.024702842,0.015689846,0.0569,0.7803,-0.050036667,0.553,0.003503333,52518.32448,0.344,0.132,1,0.836,0.605,0.75,0.943,0.987,0.96,0.864,0.99,0.9189,2.838,1.116,98,2.552,0.927,0.939,0.497987618,0.829,0.282184097,0.13759,37.875,37.875,6.7,12.1,1.657,0.945065308,0.286,0,2,769,7079,0.046377395
12,Austria,0,0.254357211,0.62923539,0.011394844,0.51698916,0.194481986,0.251933057,0.037727278,0.253600006,0.709899979,0.036600001,0.021328142,0.018205199,0.050366667,0.766066667,-0.029313333,0.778685,0.021473333,55097.46123,0.308,0.133,1,0.842,0.615,0.718,0.932,0.919,0.882,0.937,0.972,0.7559,1.212,0.389,99.909,2.511,0.938,0.953,0.492948459,0.817926829,0.174657263,0.41252,43.483,43.483,9.4,9.6,1.46,0.995548477,0.145,0,2,57,53,0.014303628
13,Azerbaijan,1,0.413879462,0.425185208,0.069257871,0.575066975,0.111234709,0.242835369,-0.007723084,0.1479,0.492200012,0.36,0.01378056,0.059880916,0.053366667,0.7197,-0.007703333,0.195365,0.070243333,14451.9837,0.266,0.06,1,0.201,0.067,0.042,0.088,0.015,0.07,0.196,0.03,0.4684,-0.035,-1.591,91.778,-1.876,0.625,0.219,0.499514408,0.73005,0.027090616,0.43603,32.333,32.333,5.6,14.1,1.8,0.955190582,0.009,0,6,0,1002,0.127005642
15,Bahrain,0,0.405220394,0.591679526,0.003145511,0.398345271,0.157628494,0.330770156,0.11323465,0.3525,0.638100014,0.0094,0.026672121,0.003855605,0.023866667,0.745966667,-0.130526667,1.17491,-0.060436667,43181.21063,,,1,0.118,0.036,0.041,0.228,0.048,0.078,0.22,0.033,0.6534,-0.852,-1.805,94,-2.305,0.521,0.085,0.646735422,0.77292,0.51126785,0.10494,32.456,32.456,2.408,13.622,1.964,0.820465088,0.02,0,6,0,151,0.125254921
16,Bangladesh,0,0.287894174,0.546316837,0.126451499,0.689751269,0.062710872,0.315355176,-0.064014096,0.213199997,0.403800011,0.382999992,0.077668675,0.056455888,0.046033333,0.6139,-0.05182,0.372745,-0.022203333,5082.68075,0.324,0.243,0.922,0.273,0.141,0.109,0.146,0.162,0.105,0.627,0.372,0.8,1.287,0.437,98.333,0.305,0.687,0.292,0.505552371,0.72591,0.008837537,0.61823,27.567,27.567,5.526,17.868,2.011,0.545232086,0.009,0,6,0,1720,0.093109865
18,Belarus,1,0.313006272,0.490748677,0.068293131,0.539636805,0.168429795,0.262717168,0.031187162,0.303799992,0.585600014,0.110600004,0.023604604,0.054840943,0.049166667,0.78,-0.002226667,0.44522,-0.006086667,20199.69849,0.253,0.05,1,0.236,0.096,0.086,0.207,0.022,0.032,0.44,0.161,0.8428,0.127,-1.406,99.333,-2.15,0.782,0.11,0.465574934,0.742268293,0.114040106,0.20517,40.335,40.335,12.8,9.3,1.382,0.98166687,0.286,1,2,463,748,0.307957181
19,Belgium,0,0.192064798,0.696481136,0.007190084,0.513819856,0.230233176,0.24764056,0.004523725,0.208400002,0.782399979,0.0092,0.017313872,0.016399759,0.057733333,0.685833333,-0.04312,1.065245,-0.003956667,51968.19202,0.272,0.148,1,0.887,0.634,0.815,0.969,0.918,0.893,0.951,0.985,0.8838,2.43,1.487,99.889,3.511,0.949,0.981,0.495644981,0.817463415,0.122835332,0.01921,41.928,41.928,9.5,10.1,1.57,0.884269638,0.31,0,2,151,107,0.017750666
24,Bolivia,0,0.252102746,0.507199151,0.122217576,0.684446792,0.18143092,0.198750109,-0.064627822,0.194099998,0.500499992,0.305400009,0.035451785,0.020118534,0.041966667,0.730966667,-0.083526667,0.619025,-0.034063333,8367.327159,0.416,0.372,0.963031006,0.324,0.266,0.245,0.496,0.34,0.686,0.746,0.916,0.8842,2.083,-0.025,88.536,0.621,0.784,0.638,0.501842238,0.71513,0.013332674,0.29877,25.56,25.56,6.762,21.455,2.688,0.953440018,0.041,0,2,0,96,0.043545964
25,Bosnia and Herzegovina,0,0.238713441,0.557305876,0.062046393,0.749991075,0.19441926,0.200199984,-0.146220172,0.317099991,0.503300018,0.179599991,0.032475029,0.003919818,0.1698,0.567633333,-0.008553333,0.353455,-0.03305,15611.79131,0.33,0.169,1,0.545,0.337,0.336,0.586,0.505,0.421,0.694,0.962,,1.565,0.675,80.556,0.724,0.823,0.617,0.489698139,0.77401,0.009133648,0.5098,43.108,43.108,10.877,7.938,1.254,0.881731186,0.024,0,2,0,2,0.019525622
27,Brazil,0,0.176501088,0.629223836,0.059055693,0.64764447,0.200777565,0.154048652,0.013874138,0.199899998,0.709400024,0.090799999,0.015058963,0.034409972,0.126433333,0.7047,-0.08784,0.933005,-0.019123333,14836.3071,0.534,0.09,0.998,0.69,0.444,0.381,0.859,0.785,0.731,0.756,0.982,,0.759,1.613,95.25,0.241,0.768,0.662,0.491325148,0.75881,0.003433132,0.12927,33.481,33.481,6.531,13.703,1.719,0.600145111,0.084,0,2,440,799,0.032106687
30,Bulgaria,0,0.229700034,0.60163219,0.03413287,0.588919821,0.167901755,0.189607124,0.016992071,0.300200005,0.633600006,0.066199999,0.034298359,0.021828606,0.0505,0.721733333,-0.012816667,0.21097,0.013716667,24367.32392,0.413,0.238,1,0.603,0.449,0.481,0.727,0.784,0.775,0.813,0.974,,1.792,1.424,99.909,0.838,0.916,0.749,0.485593683,0.749146341,0.014281964,0.24314,44.596,44.596,15.5,8.8,1.58,0.956712494,0.047,0,2,116,46,0.048069364
34,Cambodia,0,0.346707193,0.362085672,0.228369728,0.694682231,0.048067982,0.254516404,-0.014520133,0.279099998,0.375600014,0.345299988,0.071215692,0.027981014,0.0019,0.849266667,0.006573333,0.30275,-0.135273333,4422.045743,0.318,0.177,0.93,0.196,0.137,0.068,0.143,0.087,0.062,0.438,0.804,0.8302,0.693,1.359,90,-1.438,0.576,0.194,0.4882133,0.69823,0.004747945,0.75768,25.631,25.631,5.992,22.02,2.478,0.123361101,0.009,0,1,0,5,0.101707119
35,Cameroon,0,0.250180436,0.516237665,0.15181039,0.709832728,0.108608427,0.238006947,-0.057116639,0.144200001,0.420900002,0.434900017,0.028378458,0.019882368,0.034333333,0.7698,-0.033116667,0.42423,-0.044363333,3772.744986,0.466,0.375,0.634523125,0.297,0.114,0.157,0.123,0.111,0.173,0.532,0.079,0.4379,1.972,0.419,90.857,0.001,0.744,0.52,0.50015607,0.59292,0.016363137,0.4244,18.688,18.688,9.059,34.891,4.506,0.362280998,0.052,0,2,0,35,0.058316457
36,Canada,0,0.240278029,0.671166721,0.018899946,0.577617202,0.20838815,0.221003865,-0.020111512,0.1925,0.792399979,0.0151,0.024436144,0.016448314,0.0699,0.786566667,-0.032826667,1.023315,-0.021093333,48072.58376,0.333,0.11,1,0.869,0.619,0.769,0.958,0.826,0.743,0.956,0.97,0.6765,2.586,0.918,90,3.107,0.919,0.969,0.496319752,0.820487805,0.218016636,0.18438,41.124,41.124,7.6,9.9,1.4684,0.836,0.245,0,2,705,1104,0.024686866
38,Central African Republic,0,0.208386939,0.425086499,0.339178376,0.9609,0.0804463,0.231559943,-0.1813,0.062600002,0.238899994,0.698499985,0.037722406,0.022004047,0.041533333,0.727933333,-0.00694,0.460555,-0.069403333,979.5830661,0.613,0.62,0.143,0.379,0.159,0.232,0.282,0.278,0.65,0.563,,0.7631,1.835,2.184,51.75,0.134,0.585,0.643,0.495685089,0.53283,0.016651722,0.57802,17.611,17.611,11.974,35.09,4.645,0.094,0.009,0,2,0,3,0.079544732
39,Chad,0,0.169413105,0.468700279,0.477293049,0.760850934,0.035875126,0.224471365,-0.171732156,0.0188,0.230599995,0.750599976,0.015770032,0.005885277,0.0202,0.708566667,0.01116,0.436445,-0.050206667,1603.378457,0.433,0.423,0.084,0.268,0.161,0.132,0.073,0.12,0.159,0.561,0.628,,1.397,1.387,83.2,-1.783,0.618,0.479,0.499223207,0.54239,0.036827714,0.7648,16.554,16.554,11.907,41.665,5.649,0.01,0.024,0,6,0,15,0.156466452
41,Chile,0,0.314258559,0.564789468,0.038626092,0.632080703,0.146294868,0.198233161,0.052479003,0.2225,0.687799988,0.089799995,-0.003718791,0.026793085,0.086766667,0.687933333,-0.037596667,0.303735,-0.0209,25067.6916,0.444,0.086,1,0.814,0.573,0.706,0.969,0.954,0.977,0.856,0.967,,2.756,1.789,96.429,1.056,0.902,0.91,0.493072083,0.80181,0.026155132,0.12273,35.339,35.339,6.254,12.187,1.627,0.796048508,0.097,0,2,0,457,0.063152552
42,China,0,0.378209173,0.545260162,0.076530665,0.392480622,0.16770511,0.432511057,0.024869346,0.274200001,0.4725,0.253299999,0.049998294,0.024644822,0.046333333,0.760066667,-0.074606667,0.6194,0.009203333,17311.99792,0.385,0.006,1,0.075,0.053,0.111,,0.085,0.128,0.335,0.229,,-2.533,-0.982,94,-1.968,0.612,0.061,0.512912628,0.76912,0.000710764,0.38572,38.422,38.422,7.1,10.5,1.696,0.653229218,0.518,0,0,7248,6597,0.046855482
43,Colombia,0,0.237848608,0.596810857,0.076842696,0.685497103,0.157576106,0.188337949,-0.062888364,0.201200008,0.641100006,0.157700005,-0.003339577,0.030967825,0.115033333,0.734566667,-0.04702,0.57551,-0.03948,14565.36805,0.513,0.357,0.997662735,0.609,0.402,0.378,0.767,0.854,0.694,0.614,0.996,0.5338,1.591,1.219,80.333,0.969,0.7,0.567,0.491020989,0.77287,0.002760472,0.18575,31.307,31.307,5.63,14.655,1.789,0.577458305,0.067,0,2,24,226,0.095223289
47,Costa Rica,0,0.196826408,0.688457834,0.043519793,0.643680355,0.168651519,0.152193247,0.023785335,0.187999992,0.692200012,0.119700003,-0.001052705,0.016806908,0.127333333,0.6871,-0.070593333,0.62592,-0.02688,21031.81754,0.482,0.21,0.9971,0.899,0.658,0.853,0.96,0.954,0.956,0.923,0.97,0.6645,2.829,1.161,95.5,1.973,0.931,0.954,0.49961112,0.80279,0.087710099,0.19229,33.462,33.462,5.152,13.689,1.737,0.55444191,0.08,0,2,0,0,0
48,Cote d'Ivoire,0,0.211872727,0.431118666,0.206712211,0.686764953,0.101132196,0.200586445,0.011516407,0.128599997,0.469900017,0.401500015,0.049794784,0.005591841,0.032933333,0.546,-0.03709,0.43464,-0.032806667,5458.236651,0.415,0.395,0.685501099,,,,,,,,,,,,,,,,0.504217201,0.57783,0.095825987,0.48294,18.854,18.854,9.869,35.464,4.593,0.247395802,,0,,1,49,0.050105574
49,Croatia,0,0.215271166,0.589252023,0.03274165,0.57851889,0.19729683,0.256971254,-0.07227358,0.276700001,0.661399994,0.061900001,-0.009002808,0.002587308,0.074166667,0.667033333,-0.024523333,0.800185,0.003553333,28503.88057,0.297,0.183,1,0.753,0.526,0.574,0.926,0.881,0.845,0.727,0.979,0.552,1.819,0.552,100,0.864,0.901,0.774,0.482134662,0.784243902,0.13604714,0.42447,44.291,44.291,12.7,8.9,1.47,0.892185593,0.051,0,2,3,40,0.036729197
50,Cuba,0,0.251104448,0.69954023,0.037831084,0.559590205,0.300449775,0.12033983,0.01908046,0.171100006,0.654899979,0.173999996,0.012800288,0.04,0.024133333,0.642233333,-0.07,0.17,0.01,9099.67,0.5,0.45,0.998,0.184,0.118,0.109,0.337,0.198,0.13,0.112,0.715,0.8565,0.274,-1.944,99,-1.848,0.686,0.103,0.496482621,0.78802,0.001170897,0.22806,42.211,42.211,9.146,9.962,1.602,0.811480713,0.232,0,2,0,0,0
52,Cyprus,0,0.125164654,0.740727711,0.018806902,0.646067214,0.166989725,0.200572917,-0.062190809,0.184400005,0.791600037,0.024100001,0.04490439,0.003491465,0.0755,0.738966667,-0.023443333,1.061185,-0.068566667,38458.19126,0.327,0.147,1,0.825,0.53,0.633,0.943,0.838,0.884,0.878,0.865,0.7397,1.99,1.264,69,0.895,0.877,0.87,0.499862096,0.80982,0.168340342,0.33179,37.25,37.25,7.099,10.24,1.321,0.829165268,0.019,0,2,0,78,0.037845076
53,Czech Republic,0,0.31488601,0.574985922,0.019321347,0.473211911,0.19717924,0.243486087,0.069027127,0.3725,0.600900002,0.026600001,0.035603285,0.027195554,0.023966667,0.765866667,-0.015826667,0.339075,0.012213333,41737.41804,0.25,0.101,1,0.805,0.53,0.635,0.918,0.885,0.853,0.779,0.936,0.6657,1.925,1.827,99.917,1.222,0.898,0.932,0.492345771,0.791292683,0.038422257,0.25939,43.203,43.203,10.5,10.5,1.71,0.998096313,0.784,0,0,362,24,0.028278297
54,Denmark,0,0.208177014,0.64996703,0.013652739,0.46092735,0.238471912,0.231747623,0.064896385,0.185499992,0.792300034,0.0222,0.026156324,0.00664151,0.0527,0.783666667,0.00337,0.38216,0.079126667,60398.45334,0.282,0.125,1,0.91,0.696,0.869,0.954,0.988,0.983,0.987,0.972,0.846,1.911,1.096,98.929,3.306,0.962,0.988,0.497109822,0.81202439,0.100989914,0.11884,42.298,42.298,9.3,10.5,1.7,0.951527023,0.12,0,2,81,314,0.025494846
57,Dominican Republic,0,0.302824717,0.572042452,0.060414775,0.678002965,0.110687973,0.253816626,-0.077022622,0.188199997,0.724000015,0.087799997,0.055671334,0.030520233,0.0704,0.696033333,-0.038346667,0.61471,-0.015246667,17936.73468,0.419,0.21,1,0.594,0.387,0.469,0.571,0.647,0.174,0.96,0.865,0.5529,2.449,1.945,100,1.819,0.863,0.925,0.499470312,0.74081,0.039470799,0.1746,28.002,28.002,6.188,19.193,2.323,0.67167038,0.109,0,2,4,0,0.036995548
58,Ecuador,0,0.320045045,0.526344605,0.098033024,0.596593366,0.144147442,0.231174578,0.017791442,0.172099991,0.530400009,0.297399998,0.012232612,-0.000989877,0.045233333,0.7132,-0.042223333,0.58042,-0.00256,10896.42743,0.457,0.25,1,0.638,0.452,0.465,0.717,0.51,0.844,0.713,0.989,,2.576,0.321,94.5,2.317,0.867,0.921,0.500130193,0.7701,0.024002991,0.35834,27.93,27.93,5.121,19.46,2.403,0.525410118,0.056,0,2,2,76,0.061783983
59,"Egypt, Arab Rep.",0,0.318041443,0.516524089,0.115083076,0.823659834,0.076605099,0.138213058,-0.075910653,0.269400005,0.524399986,0.206200008,0.050176753,0.095330661,0.1,0.4838,-0.084393333,0.872,-0.03024,12607.76211,0.315,0.325,1,0.181,0.084,0.109,0.122,0.613,0.189,0.242,0.053,0.2907,0.024,-1.487,94.625,-1.422,0.487,0.137,0.505234413,0.7199,0.005372673,0.57217,24.606,24.606,5.778,25.708,3.28,0.72959137,0.009,0,6,2,8119,0.045938857
60,El Salvador,0,0.238089073,0.615105411,0.051124409,0.835137151,0.162324616,0.179062062,-0.183660921,0.225100002,0.612000008,0.162900009,0.024332922,0.00264688,0.049833333,0.630266667,-0.046176667,0.795805,-0.027536667,8498.96872,0.388,0.228,1,0.586,0.34,0.355,0.703,0.512,0.783,0.542,0.969,0.5188,2.828,2.27,92.5,-0.643,0.705,0.542,0.468135971,0.73317,0.006862716,0.26556,27.552,27.552,7.07,18.054,2.021,0.465443993,0.112,0,2,0,7,0.044734439
61,Equatorial Guinea,0,0.452115265,0.517071901,0.029948476,0.561479287,0.250333023,0.053104474,-0.031251948,0.193500004,0.411399994,0.395099983,-0.057029481,0.023090811,0.083766667,0.6309,-0.01621,0.475505,-0.06691,17941.5997,0.65,0.768,0.665921783,0.179,0.053,0.049,0.05,0.011,0.145,0.194,0.026,0,0.818,-1.125,97.714,-1.136,0.505,0.151,0.556228327,0.58735,0.012809741,0.269,22.335,22.335,9.112,32.783,4.429,,0.05,0,2,0,7,0
63,Estonia,1,0.21878242,0.638507486,0.019365195,0.490091468,0.198565529,0.306644886,0.001364821,0.287000008,0.681299973,0.031700001,0.021398868,0.017563517,0.054266667,0.7897,-0.019356667,0.134685,0.006153333,38394.91753,0.303,0.217,1,0.89,0.625,0.7,0.959,0.937,0.937,0.88,0.983,0.6367,2.014,1.304,100,3.3,0.95,0.958,0.473756143,0.78497561,0.154163092,0.30771,42.424,42.424,11.6,10.6,1.66,0.978234634,0.602,0,0,0,150,0.056619407
65,Ethiopia,0,0.231050197,0.368133304,0.354514063,0.686823121,0.091930468,0.30752154,-0.098389645,0.093199997,0.240499992,0.666299973,0.070789504,0.151704688,0.023,0.815133333,-0.027753333,0.564915,-0.05478,2422.957789,0.35,0.235,0.482716217,0.335,0.165,0.289,0.217,0.207,0.234,0.668,0.26,0,1.519,-0.972,85,1.592,0.669,0.628,0.500304823,0.66597,0.01079526,0.78305,19.466,19.466,6.418,31.896,4.146,0.125116901,0.009,0,2,0,92,0.032098492
68,Finland,0,0.235978052,0.605599936,0.024538146,0.524196603,0.232068459,0.239915441,0.003861589,0.216399994,0.745800018,0.0378,-0.000629664,0.007994898,0.072966667,0.775266667,-0.022056667,0.632125,-0.00415,51089.78533,0.273,0.122,1,0.878,0.631,0.807,0.969,0.968,0.969,0.972,0.993,0.6873,3.033,0.697,100,2.877,0.945,0.979,0.493150166,0.817853659,0.057396833,0.42753,43.128,43.128,9.8,8.3,1.35,0.506,0.208,0,2,166,477,0.025534036
69,France,0,0.162941481,0.710344295,0.017191712,0.537268294,0.230956488,0.24057602,-0.022146193,0.204300003,0.770400009,0.0253,-0.01604483,0.011451896,0.086933333,0.7181,-0.050533333,1.057655,-0.011876667,46226.95054,0.324,0.136,1,0.877,0.61,0.8,0.946,0.927,0.884,0.884,0.977,0,1.789,0.883,98,2.557,0.931,0.975,0.483951208,0.825780488,0.120884794,0.14483,42.338,42.338,9.1,11.2,1.87,0.855956573,0.319,0,2,11494,548,0.032863083
70,Gabon,0,0.41469062,0.462175585,0.064040346,0.376821977,0.109933967,0.216137371,0.25269975,0.107399998,0.592999992,0.299599991,0.011546535,0.019784816,0.1996,0.5444,0.000763333,0.660265,-0.03423,15190.63863,0.38,0.334,0.90685257,0.38,0.263,0.29,0.206,0.229,0.142,0.803,0.953,0.5863,1.314,-0.172,88.333,0.173,0.773,0.738,0.508981331,0.66467,0.155558595,0.19025,22.511,22.511,6.704,30.968,3.922,,0.057,0,2,0,27,0.084719891
71,"Gambia, The",0,0.157929937,0.545248857,0.217971953,0.858812331,0.081866152,0.225239897,-0.142639373,0.150100002,0.579599991,0.270300007,0.04430552,0.070647529,0.092,0.6054,-0.034993333,0.77971,-0.067816667,2278.027815,0.359,0.486,0.599212875,0.504,0.305,0.374,0.491,0.931,0.64,0.709,0.905,0,2.172,1.129,97,1.163,0.798,0.799,0.495948133,0.6205,0.096708865,0.09908,17.844,17.844,7.722,38.073,5.154,0.309710903,0.009,0,6,0,0,0.029555943
72,Georgia,1,0.216332112,0.58568084,0.073697518,0.705521422,0.13111312,0.261517544,-0.185598122,0.142600002,0.475900002,0.381500015,0.012218658,0.044575698,0.120966667,0.7081,-0.039926667,0.505285,-0.081766667,14863.01737,0.359,0.195,1,0.643,0.421,0.523,0.593,0.657,0.756,0.81,0.851,0.5611,1.282,1.034,79.625,1.33,0.893,0.888,0.476596539,0.73767,0.042202484,0.37418,38.268,38.268,12.791,13.2,2.055,0.976632919,0.009,0,2,13,57,0.055601404
73,Germany,0,0.261908992,0.635926992,0.006628894,0.52387498,0.204269581,0.203509061,0.058205466,0.271800003,0.716100006,0.0121,0.014751407,0.012281749,0.0361,0.785433333,-0.002773333,0.64285,0.071866667,53694.35471,0.319,0.148,1,0.879,0.637,0.844,0.975,0.93,0.978,0.982,0.986,0,2.438,1.962,90,2.78,0.955,0.962,0.494317987,0.809414634,0.148790513,0.40547,45.744,45.744,11.3,9.4,1.54,0.963322525,0.263,0,2,7731,178,0.025962215
74,Ghana,0,0.346854824,0.42632635,0.182377292,0.687752898,0.088476348,0.263385806,0.005732288,0.210499992,0.492099991,0.2975,0.043740986,0.130358719,0.0427,0.692666667,-0.100976667,0.70954,-0.030776667,5596.307071,0.435,0.234,0.835,0.698,0.348,0.582,0.737,0.847,0.851,0.815,0.35,0.7889,2.9,1.553,93.857,2.106,0.846,0.873,0.506871782,0.64074,0.014573972,0.22547,21.507,21.507,7.219,28.992,3.816,0.543196182,0.038,0,2,0,27,0.012531892
75,Greece,0,0.139128568,0.698061162,0.041178544,0.692588257,0.197095374,0.134498675,-0.07551331,0.153400002,0.730599976,0.116000004,-0.016106945,-0.003174561,0.178166667,0.684766667,-0.02784,1.99002,-0.044126667,28463.78868,0.329,0.179,1,0.843,0.611,0.768,0.957,0.892,0.81,0.891,0.924,0.5791,0.963,1.24,100,0.935,0.937,0.873,0.49081824,0.819390244,0.113423774,0.42651,45.55,45.55,11.7,7.8,1.35,0.736619492,0.061,0,2,47,590,0.04773826
79,Guatemala,0,0.220777075,0.618682228,0.102434196,0.84866962,0.111205509,0.129341276,-0.080499819,0.187299995,0.499799995,0.312999992,0.018898755,0.040291397,0.0314,0.644366667,-0.030296667,0.291665,0.027526667,8854.202464,0.483,0.593,0.957245712,0.58,0.363,0.323,0.594,0.735,0.695,0.682,0.886,0.6216,1.962,2.619,81,1.538,0.71,0.747,0.492706092,0.74302,0.004671877,0.05062,22.881,22.881,4.72,24.21,2.822,0.322936897,0.039,0,2,0,18,0.028268532
83,Haiti,0,0.242272547,0.531839699,0.197978719,1.012139107,0.075345208,0.120661914,-0.240523236,0.066599998,0.643099976,0.290300007,-0.01129303,0.149931025,0.138533333,0.686766667,-0.015666667,0.27711,-0.002106667,2925.365324,0.411,0.585,0.453713455,0.393,0.222,0.265,0.233,0.228,0.775,0.439,0.93,0,2.261,1.81,87.5,0.408,0.456,0.708,0.493438169,0.64001,0.003690482,0.73214,24.008,24.008,8.448,23.959,2.887,0.01,0.107,0,2,0,0,0.000146983
84,Honduras,0,0.259501589,0.583418127,0.121171809,0.819704816,0.134889921,0.187211388,-0.152959127,0.213899994,0.491199989,0.294899998,-0.008222331,0.03375795,0.0687,0.701866667,-0.013956667,0.453885,-0.014613333,5420.560196,0.482,0.483,0.927795258,0.37,0.242,0.257,0.163,0.595,0.261,0.767,0.829,0,2.208,1.857,88,0.569,0.728,0.719,0.499654302,0.7527,0.003476135,0.42912,24.344,24.344,4.45,21.337,2.427,0.402659187,0.105,0,2,0,34,0.057990033
85,"Hong Kong SAR, China",0,0.062557302,0.899808055,0.000723135,0.693758613,0.108782026,0.18951169,0.018221441,0.110799999,0.8875,0.0017,-0.016382587,0.014057185,0.039333333,0.721633333,-0.017033333,0.002765,0.054116667,59237.67082,0.54,0.236,1,0.306,0.114,0.171,0.729,0.693,0.229,0.609,,0,0.968,1.241,,-0.154,0.862,0.489,0.45880639,0.850780488,0.389499399,0.41641,44.79,44.79,6.5,7,1.051,0.798697662,0.547,0,0,0,0,0
86,Hungary,0,0.252468039,0.558312515,0.034504115,0.49354552,0.197992377,0.276179682,0.02155893,0.320900002,0.631899986,0.047199998,0.016947526,0.02023252,0.038266667,0.718633333,-0.04214,0.73262,-0.000543333,33084.09623,0.296,0.123,1,0.467,0.32,0.253,0.631,0.727,0.61,0.614,0.926,0.6967,1.995,-0.232,100,0.145,0.855,0.594,0.475996004,0.760219512,0.045624653,,43.336,43.336,13.3,9.5,1.49,0.98181427,0.203,0,2,0,130,0.031472704
87,Iceland,0,0.198599583,0.659998395,0.044056141,0.499052751,0.244354513,0.216676557,-0.005949721,0.174699993,0.784899979,0.0404,0.002115735,0.028482712,0.0374,0.873666667,-0.026406667,0.74098,0.06068,55216.02618,0.261,0.088,1,0.854,0.632,0.789,0.927,0.955,0.914,0.965,0.994,0.6692,2.519,0.897,99.833,2.897,0.92,0.946,0.502285714,0.825609756,0.113901495,0.28058,37.491,37.491,6.3,12.3,1.75,0.99713623,0.039,0,2,0,0,0
88,India,0,0.231987388,0.492663781,0.183189877,0.604835694,0.112280203,0.28420298,-0.003167098,0.251200008,0.322799988,0.425999985,0.008699776,0.049666088,0.059033333,0.522666667,-0.08665,0.81723,-0.00655,6454.347356,0.357,0.219,0.978152847,0.45,0.278,0.267,0.577,0.792,0.648,0.631,0.868,0.6747,0.019,1.753,93.2,-0.254,0.662,0.551,0.519636733,0.69656,0.003997527,0.06102,28.426,28.426,7.265,17.644,2.202,0.375658302,0.009,0,4,315,13271,0.090823208
89,Indonesia,0,0.382611735,0.443991461,0.137039348,0.579309022,0.088096774,0.323674628,0.011460821,0.223600006,0.491399994,0.285,0.027076359,0.030851904,0.040433333,0.6961,-0.03282,0.335925,-0.020293333,12073.46151,0.382,0.094,0.9885,0.608,0.396,0.546,0.741,0.784,0.622,0.874,0.926,0.8193,0.355,-0.582,96.2,0.76,0.728,0.691,0.503495312,0.71716,0.001276755,0.65074,29.744,29.744,6.51,17.746,2.288,0.545782318,0.009,0,6,205,2363,0.047487821
90,"Iran, Islamic Rep.",0,0.30550961,0.570205191,0.128081429,0.496515465,0.116083604,0.410282833,-0.060900611,0.313899994,0.512400017,0.173700008,-0.037161339,0.183992318,0.113866667,0.4781,-0.05102,0.45316,0.019336667,13116.07236,0.42,0.14,1,0.191,0.057,0.128,0.283,0.133,0.709,0.249,0.082,0.4232,-1.235,-0.894,88.143,-1.304,0.435,0.311,0.504904334,0.76677,0.034463975,0.43359,31.972,31.972,4.842,18.42,2.146,0.69831459,0.009,0,6,25,426,0.117093049
91,Iraq,0,0.443957867,0.507792824,0.0606997,0.451310921,0.202881247,0.245428272,0.074720545,0.229300003,0.587999992,0.182700005,-0.023780013,0.001805383,0.131233333,0.444933333,-0.035796667,0.64429,-0.032856667,9763.509991,0.295,0.189,1,0.365,0.235,0.255,0.331,0.374,0.739,0.536,0.659,0.4485,-0.546,-0.721,69,0.214,0.565,0.35,0.506129069,0.70604,0.009715761,0.24126,21.04,21.04,4.736,28.556,3.597,0.441319084,0.009,0,6,0,3512,0.082687119
92,Ireland,0,0.390861549,0.543821835,0.009371132,0.292524871,0.118820115,0.312688564,0.299659449,0.187700005,0.768000031,0.044299998,0.058331375,4.75E-05,0.055366667,0.732166667,-0.015466667,0.58594,-0.002496667,93612.16591,0.314,0.131,1,0.881,0.648,0.807,0.923,0.96,0.879,0.97,0.876,0.6277,2.868,1.167,96.667,2.878,0.933,0.981,0.496445985,0.82302439,0.159169366,0.29107,38.246,38.246,6.3,12.1,1.7,0.861611023,0.079,0,2,0,98,0.00979732
93,Israel,0,0.184645243,0.711604603,0.010872323,0.541831565,0.225888093,0.21774691,0.043335094,0.172299995,0.818600006,0.0092,0.014965546,0.003576741,0.041366667,0.7235,-0.06435,0.66507,0.035003333,41854.93415,0.39,0.21,1,0.737,0.474,0.558,0.869,0.859,0.923,0.776,0.974,0.7152,2.827,1.177,92,0.549,0.902,0.873,0.497729374,0.82804878,0.249469,0.36347,30.484,30.484,5.1,20.1,3.01,0.891813583,0.032,0,5,4144,2705,0.120883286
94,Italy,0,0.215112253,0.667510235,0.019906879,0.599979564,0.187079812,0.175003749,0.036614003,0.258700008,0.702399979,0.038900001,-0.025473197,0.00537009,0.099566667,0.656733333,-0.044013333,1.450615,0.030343333,41839.99102,0.359,0.201,1,0.861,0.686,0.779,0.945,0.875,0.963,0.921,0.996,0.7293,2.741,1.335,96.333,2.783,0.937,0.963,0.486881161,0.83197561,0.096807677,0.07413,47.288,47.288,10.5,7,1.27,0.821943817,0.134,0,2,3071,2126,0.026279494
95,Jamaica,0,0.203912395,0.597396041,0.08683236,0.76187209,0.135821417,0.244052042,-0.141745467,0.161800003,0.685999985,0.152200003,-0.024725949,0.042895055,0.084066667,0.7099,-0.005876667,0.999205,-0.01449,9221.593305,0.455,0.199,0.993837738,0.808,0.55,0.664,0.868,0.923,0.841,0.898,0.982,0.3736,2.903,1.814,95.1,2.178,0.927,0.948,0.496305672,0.74475,0.00829367,0.28961,30.725,30.725,7.591,15.907,1.965,0.607150307,0.17,0,2,0,59,0.054288815
96,Japan,0,0.290720136,0.69313567,0.012393683,0.552439225,0.200474136,0.245138331,0.001710316,0.242199993,0.724000015,0.033800001,0.009206022,0.004801694,0.0259,0.788766667,-0.061396667,2.45538,0.034823333,42197.25481,0.329,0.157,1,0.822,0.535,0.734,0.936,0.815,0.893,0.724,0.994,0,2.762,2.69,99.091,1.252,0.778,0.878,0.48825723,0.843563415,0.016147751,0.43689,48.358,48.358,11.1,7,1.36,0.656,0.6,0,0,6,3048,0.020718093
97,Jordan,0,0.239135291,0.615878985,0.052022248,0.835290124,0.17257386,0.118848992,-0.179313437,0.244500008,0.730899963,0.0247,0.007793912,0.018523732,0.172133333,0.417433333,-0.065386667,0.832775,-0.057003333,10355.63132,0.337,0.157,1,0.268,0.126,0.224,0.497,0.674,0.662,0.664,0.196,0.299,-0.132,1.379,99,-0.808,0.658,0.503,0.506312665,0.74526,0.409771116,0.08218,23.771,23.771,3.889,21.477,2.691,0.807258377,0.009,0,6,218,1231,0.148390018
98,Kazakhstan,1,0.331220878,0.557537471,0.053223086,0.522788565,0.091321616,0.276275757,0.080193576,0.209799995,0.641600037,0.148599997,0.042333333,0.060045365,0.052333333,0.7651,-0.040473333,0.236535,-0.025346667,26728.54392,0.278,0.043,1,0.24,0.077,0.126,0.281,0.206,0.178,0.417,0.017,0.7754,-0.207,-0.259,98.5,-1.338,0.793,0.348,0.485332119,0.7318,0.201233051,0.08582,30.682,30.682,7.19,21.73,2.9,0.994586716,0.04,1,6,0,1352,0.045623748
99,Kenya,0,0.161761695,0.421900682,0.351507378,0.824959776,0.130528728,0.156662051,-0.088958944,0.062199998,0.394399986,0.543400002,0.054966321,0.051101648,0.0274,0.7481,-0.078206667,0.65414,-0.05449,4452.206024,0.408,0.361,0.697,0.461,0.303,0.399,0.363,0.697,0.875,0.765,0.816,0,2.656,1.354,91,1.053,0.747,0.821,0.496891967,0.66699,0.023547229,0.42329,20.119,20.119,5.393,28.298,3.423,0.290737495,0.023,0,2,0,126,0.044040396
102,"Korea, Rep.",0,0.328011977,0.570188442,0.017580685,0.4854873,0.171593879,0.316421722,0.037164744,0.245799999,0.702799988,0.051399999,0.027021292,0.00798689,0.0388,0.6894,0.000436667,0.45463,0.042916667,43124.29469,0.314,0.167,1,0.859,0.594,0.787,0.959,0.902,0.955,0.866,0.99,0.6621,3.201,0.923,100,2.738,0.859,0.926,0.500609772,0.832268293,0.026391594,0.37619,43.734,43.734,5.7,5.9,0.918,0.857208405,0.466,0,0,3798,6007,0.108722156
104,Kuwait,0,0.583801906,0.547228624,0.003845798,0.413560046,0.252217614,0.250183128,0.084039213,0.221499996,0.760699997,0.0178,-0.010128376,0.012689381,0.038466667,0.7477,0.013623333,0.1162,0.10457,51962.0477,0.89,,1,0.317,0.1,0.275,0.771,0.758,0.798,0.548,,0.6,0.26,-0.208,99.75,0.17,0.476,0.54,0.612201717,0.75489,0.736395507,0.18586,36.781,36.781,2.802,13.251,2.077,0.559323883,0.009,0,6,0,488,0.100258775
105,Kyrgyz Republic,1,0.294568263,0.496260432,0.135067841,0.763609333,0.163952443,0.290087567,-0.203280384,0.253600006,0.553300018,0.193199997,0.043661577,0.03000569,0.071333333,0.628133333,-0.02494,0.64204,-0.10053,4965.031876,0.297,0.201,0.99881752,0.399,0.235,0.241,0.307,0.475,0.672,0.553,0.671,0.562,1.374,0.854,93.679,0.451,0.77,0.697,0.494662097,0.716,0.034407964,0.63,26.034,26.034,5.2,26.9,3.3,0.957,0.009,1,6,10,38,0.044805404
107,Latvia,1,0.191768672,0.639811292,0.037751512,0.594728243,0.189802925,0.226027889,0.011595553,0.237199993,0.689899979,0.0729,0.008092468,0.018549761,0.073033333,0.777066667,-0.016793333,0.412255,0.00672,32019.22234,0.351,0.229,1,0.821,0.598,0.681,0.89,0.967,0.816,0.862,0.963,0.5458,2.753,1.565,96.8,2.677,0.955,0.963,0.460892312,0.752390244,0.133532403,0.6371,43.941,43.941,14.5,9.8,1.61,0.992386398,0.453,0,2,0,101,0.051923678
108,Lebanon,0,0.072413015,0.863607463,0.025043584,0.909656961,0.15885884,0.100057769,-0.17942491,0.235900002,0.650999985,0.113199997,-0.025919017,0.313155705,0.0625,0.5066,-0.105583333,1.643405,-0.230076667,12288.75852,0.318,0.274,1,0.458,0.265,0.342,0.414,0.404,0.596,0.76,0.735,0.497,1.64,0.588,72.5,0.473,0.563,0.691,0.503373408,0.7893,0.341456803,0.31685,29.563,29.563,4.457,17.377,2.075,0.543,0.009,0,6,0,243,0.108374759
110,Liberia,0,0.116697675,0.496923305,0.425973614,1.122634223,0.196819814,0.199720634,-0.659330095,0.101499996,0.472299995,0.426199989,0.004709774,0.14939132,0.030433333,0.772833333,-0.041683333,0.585715,-0.19979,1428.1893,0.353,0.509,0.2764921,0.628,0.346,0.418,0.596,0.762,0.666,0.899,0.433,0,1.347,0.86,86.833,0.578,0.834,0.88,0.502708852,0.64104,0.02526492,0.70972,19.411,19.411,7.381,32.687,4.247,0.091,0.014,0,2,0,0,0.017194924
113,Lithuania,1,0.248569988,0.615487223,0.03288218,0.605317612,0.167957342,0.12107228,0.096521202,0.257000008,0.678600006,0.064400001,0.024679338,0.020774439,0.069466667,0.772966667,-0.023883333,0.414455,0.038526667,38734.72932,0.357,0.206,1,0.821,0.627,0.695,0.919,0.966,0.956,0.824,0.978,0.478,2.26,1.635,100,2.297,0.93,0.905,0.462840674,0.761341463,0.047260896,0.85584,45.051,45.051,13.7,9.8,1.61,0.966112671,0.098,0,2,60,317,0.053472873
114,Luxembourg,0,0.107175544,0.800839342,0.002162088,0.294891428,0.17095221,0.156279387,0.387242615,0.108100004,0.885100021,0.0068,0.013648702,0.013638244,0.0605,0.7081,0.00575,0.237685,0.04574,118359.5262,0.354,0.175,1,0.869,0.595,0.824,0.953,0.87,0.923,0.951,0.73,0.8966,2.262,1.758,100,2.992,0.854,0.953,0.505749422,0.824463415,0.439641339,0.31954,39.729,39.729,6.9,10,1.34,0.779,0.267,0,2,0,86,0.013890014
116,Madagascar,0,0.133207252,0.570414799,0.241158137,0.700542935,0.14173489,0.218301797,-0.070877498,0.087299995,0.271499996,0.641200027,0.038444387,0.061355124,0.0176,0.872633333,-0.022963333,0.40682,-0.02689,1593.071266,0.426,0.707,0.269071846,0.487,0.283,0.281,0.424,0.274,0.442,0.642,0.711,0.4,1.534,0.845,78,1.156,0.771,0.698,0.498884458,0.67041,0.001323478,0.61,19.568,19.568,5.933,32.408,4.026,0.285201206,0.073,0,2,0,6,0.035789635
118,Malaysia,0,0.35907289,0.5478482,0.082060794,0.598215764,0.116948455,0.196779622,0.064407617,0.270100002,0.627200012,0.102799997,0.049618218,0.001362996,0.0372,0.683933333,-0.03307,0.62331,0.02796,27886.86089,0.411,0.056,1,0.4,0.247,0.301,0.431,0.718,0.385,0.707,,0.8232,0.062,-0.512,97.143,0.113,0.828,0.541,0.51383594,0.76156,0.082893489,0.82573,30.262,30.262,5.17,16.608,1.983,0.76777977,0.009,0,6,0,684,0.042408709
120,Mali,0,0.212445098,0.344117238,0.360971406,0.739666312,0.157416845,0.143046186,-0.070446215,0.075599999,0.3,0.624399986,0.04939267,-0.003068772,0.0735,0.7146,-0.039743333,0.42321,-0.0393,2338.507523,0.33,0.421,0.480212479,0.465,0.286,0.392,0.365,0.722,0.416,0.818,0.705,0.3558,0.608,1.199,80,0.914,0.713,0.823,0.500975614,0.59306,0.020633597,0.59331,16.347,16.347,9.412,41.035,5.785,0.115809002,0.009,0,6,0,123,0.127102862
121,Malta,0,0.134389112,0.761437624,0.006473896,0.456728692,0.172703861,0.234198846,0.096141361,0.189200001,0.800699997,0.0102,0.062794055,0.011461429,0.037166667,0.7294,-0.021893333,0.487095,0.031913333,42640.1161,0.287,0.171,1,0.772,0.56,0.62,0.891,0.822,0.602,0.828,0.866,0,2.272,0.652,100,1.481,0.867,0.8,0.501473256,0.826,0.098984881,0.56091,42.596,42.596,7.3,8.6,1.1,0.852380524,0.025,0,2,0,14,0.012087165
125,Mexico,0,0.296327599,0.599650049,0.038891891,0.648828153,0.11358333,0.192139439,0.022012304,0.255499992,0.619700012,0.124799995,0.014178644,0.039773819,0.038233333,0.645466667,-0.030296667,0.56945,0.000206667,18833.08242,0.454,0.419,1,0.645,0.385,0.359,0.778,0.633,0.458,0.529,0.99,0.6321,1.759,0.934,87.143,-0.126,0.82,0.727,0.489181256,0.75054,0.009393647,0.5924,29.171,29.171,6.082,17.297,2.103,0.658458176,0.057,0,2,1,808,0.019131564
127,Moldova,1,0.232777911,0.542361933,0.095113223,0.844683874,0.141536303,0.241984305,-0.22464094,0.217199993,0.573199997,0.209599991,0.041909185,0.038829362,0.0464,0.459366667,-0.025396667,0.318215,-0.08797,13001.55005,0.257,0.073,1,0.623,0.402,0.377,0.709,0.827,0.693,0.689,0.906,0.5508,2.083,1.029,90,1.334,0.874,0.797,0.478921844,0.71901,0.035121066,0.77067,37.597,37.597,11.694,9.93,1.269,0.969573364,0.013,0,2,0,0,0.009910919
129,Mongolia,0,0.382715364,0.40042784,0.120643988,0.546577966,0.121136727,0.245547034,0.043946673,0.215799999,0.531100006,0.253199997,0.059142461,0.049387892,0.050066667,0.642833333,-0.019886667,0.72506,-0.12209,12100.5867,0.327,0.284,0.99125267,0.634,0.351,0.517,0.644,0.751,0.776,0.698,0.558,0.7364,1.612,0.758,97.667,1.723,0.859,0.895,0.492646476,0.6987,0.005954445,0.31,28.181,28.181,6.335,23.361,2.867,0.762942505,0.365,0,1,0,17,0.019939511
130,Montenegro,0,0.161294411,0.587244624,0.063938414,0.713756033,0.177979045,0.326387494,-0.347744184,0.194099998,0.734400024,0.071500001,0.046190864,0.015786014,0.153866667,0.648166667,-0.06526,0.937855,-0.19327,20566.63841,0.385,0.245,1,0.454,0.298,0.339,0.323,0.778,0.556,0.731,0.881,0.7665,1.194,1.169,99.833,0.333,0.806,0.683,0.494478252,0.76884,0.131900777,0.31343,38.8,38.8,10.751,11.671,1.748,0.894246063,0.031,0,2,0,17,0.041407305
131,Morocco,0,0.252582455,0.512138676,0.122262086,0.573626832,0.193687292,0.292229617,-0.077157487,0.230900002,0.436599998,0.3325,-0.004956081,0.009377571,0.094133333,0.4865,-0.051496667,0.70617,-0.038603333,7296.158065,0.395,0.048,0.996,0.284,0.181,0.274,0.611,0.701,0.712,0.72,0.309,0,-0.037,0.974,90.2,-0.205,0.756,0.562,0.496250612,0.7668,0.002574677,0.32512,29.538,29.538,5.057,18.5,2.382,0.044,0.009,0,6,0,1194,0.121873065
132,Mozambique,0,0.228565846,0.398978518,0.260267238,0.66731788,0.216715343,0.461211844,-0.345245067,0.085900002,0.211900005,0.702200012,0.031592895,0.072685494,0.032733333,0.785266667,-0.04128,1.128015,-0.36852,1296.575035,0.54,0.461,0.296161613,0.372,0.231,0.258,0.201,0.638,0.503,0.719,0.77,0.5141,1.525,-0.292,86.571,-0.114,0.769,0.594,0.485939005,0.60854,0.007968014,0.36468,17.62,17.62,8.208,37.166,4.783,0.149579201,0.173,0,2,0,23,0.033752124
133,Myanmar,0,0.357742933,0.414036756,0.228220311,0.521058322,0.183026038,0.311003085,0.015064903,0.169400005,0.342099991,0.488499985,0.049499538,0.067566441,0.010533333,0.657133333,-0.043063333,0.39027,-0.036626667,4793.556835,0.307,0.248,0.683566513,0.435,0.271,0.349,0.525,0.578,0.6,0.704,0.493,0.7189,0.722,0.063,76.2,1.125,0.686,0.694,0.481902027,0.67134,0.001360146,0.62926,28.983,28.983,8.215,17.397,2.138,0.426302795,0.009,0,1,0,991,0.140450738
134,Namibia,0,0.26531668,0.579483816,0.090346897,0.699326694,0.256788602,0.132234491,-0.085345436,0.163999996,0.6175,0.218500004,-0.001750958,0.034077892,0.199933333,0.607133333,-0.065666667,0.62781,-0.018686667,9382.217537,0.591,0.174,0.55195118,0.648,0.385,0.483,0.643,0.807,0.734,0.65,0.894,0.6038,2.981,0.774,95.5,0.947,0.851,0.837,0.484739755,0.63708,0.038184014,0.68859,21.832,21.832,7.894,28.152,3.344,0.285,0.019,0,2,0,38,0.082488979
136,Nepal,0,0.117974421,0.533108666,0.231267738,0.765794975,0.081170952,0.284000259,-0.271269324,0.151099997,0.205200005,0.643799973,0.07752237,0.048940718,0.033966667,0.8548,-0.053093333,0.37221,-0.049903333,4008.74658,0.328,0.252,0.899,0.573,0.376,0.367,0.588,0.707,0.833,0.824,0.981,0,0.895,1.296,92.778,1.298,0.767,0.792,0.458129628,0.70778,0.018176456,,24.633,24.633,6.322,19.578,1.876,0.265999508,0.009,0,4,0,52,0.048270059
137,Netherlands,0,0.179374814,0.695890939,0.015942675,0.437819578,0.245063542,0.213671661,0.106231078,0.161100006,0.818099976,0.020799999,0.02316412,0.018698858,0.037666667,0.803466667,-0.005746667,0.50784,0.105346667,59228.83495,0.281,0.136,1,0.87,0.594,0.815,0.963,0.971,0.97,0.904,0.909,0,3.061,1.308,99.25,2.714,0.912,0.94,0.498232172,0.820121951,0.116956827,0.79424,43.314,43.314,8.8,9.7,1.57,0.912177811,0.443,0,2,2696,1357,0.029321656
138,New Zealand,0,0.204198604,0.655048073,0.056523681,0.575236274,0.187474856,0.234977193,-0.592861464,0.192900009,0.748700027,0.058400002,0.02817654,0.016441635,0.043066667,0.8098,-0.022776667,0.36698,-0.027723333,44251.79422,0.395,0.184,1,0.894,0.698,0.776,0.967,0.98,0.928,0.879,0.979,0.8224,3.387,1.052,99.8,2.76,0.95,0.965,0.491507358,0.817073171,0.229597004,0.07764,37.973,37.973,6.87,11.96,1.72,0.819197922,0.396,0,2,16,138,0.03302436
139,Nicaragua,0,0.25060907,0.493473266,0.157732877,0.711777451,0.156483643,0.191773869,-0.04828953,0.162399998,0.531599998,0.306000004,-0.008021937,0.046684469,0.053866667,0.693966667,-0.023066667,0.438695,-0.019173333,5570.099875,0.462,0.249,0.882126694,0.251,0.145,0.039,0.239,0.006,0.036,0.266,0.795,0,0.895,0.151,81.25,-1.317,0.708,0.156,0.492840575,0.74485,0.006619827,0.13301,26.464,26.464,5.075,20.215,2.377,,0.13,0,2,0,106,0.021709995
140,Niger,0,0.202335095,0.360896928,0.378054841,0.682814261,0.172370468,0.302441435,-0.157626139,0.0671,0.2075,0.725400009,0.060403539,-0.006706605,0.0054,0.734933333,-0.041113333,0.420115,-0.127516667,1262.604176,0.343,0.408,0.18774725,0.521,0.292,0.485,0.444,0.435,0.841,0.844,0.684,0.6967,1.355,1.518,59.778,1.159,0.724,0.833,0.502761515,0.6242,0.009510722,0.40988,15.151,15.151,8.033,45.637,6.824,0.083652496,0.009,0,6,0,10,0.074209394
141,Nigeria,0,0.282205055,0.463861275,0.241433059,0.745941311,0.055720021,0.293988606,-0.077407299,0.12,0.530299988,0.349700012,0.016456911,0.116294405,0.086633333,0.557833333,-0.049666667,0.321105,-0.02184,5186.723484,0.351,0.401,0.554,0.537,0.347,0.364,0.43,0.491,0.723,0.776,0.979,0.3475,1.43,0.742,71.111,1.598,0.656,0.875,0.506790755,0.54687,0.006581241,0.83374,18.064,18.064,11.63,37.446,5.317,0.494,0.009,0,6,0,283,0.049618435
142,North Macedonia,0,0.226152895,0.569895318,0.09093391,0.656565733,0.140358178,0.296286204,-0.127861028,0.311299992,0.549500008,0.139200001,0.023788401,0.011416087,0.188,0.654733333,-0.03948,0.45945,-0.022843333,16926.62414,0.33,0.216,1,0.633,0.43,0.43,0.718,0.432,0.646,0.672,0.986,0.5202,1.434,1.368,93.75,1.08,0.854,0.764,0.500211675,0.75797,0.062897742,0.48042,39.138,39.138,10.139,10.653,1.489,0.684875717,0.013,0,2,0,0,0.03608905
144,Norway,0,0.259246861,0.605156462,0.018525114,0.443659612,0.24325877,0.303081661,-0.005893594,0.194200001,0.785400009,0.0204,0.014313283,0.020730488,0.040366667,0.777233333,0.018386667,0.411415,0.050336667,63197.98147,0.276,0.127,1,0.899,0.647,0.871,0.965,0.979,0.966,0.977,0.973,0,3.29,0.828,100,2.538,0.9,0.967,0.505416102,0.829073171,0.142356112,0.08202,39.836,39.836,7.6,10.2,1.53,0.991882324,0.116,0,2,429,1853,0.035195936
145,Oman,0,0.537240607,0.481370301,0.023529451,0.406633688,0.24570108,0.201764814,0.145900419,0.320099983,0.639900017,0.0399,0.001468273,0.000370741,0.0287,0.715633333,-0.107723333,0.705355,-0.0693,28448.85878,0.307,,1,0.176,0.122,0.059,0.702,0.429,0.226,0.344,0.78,0.4902,0.281,-0.457,94.667,-0.933,0.393,0.215,0.659972483,0.77861,0.410858736,0.17026,30.604,30.604,2.422,18.513,2.842,0.988031921,0.009,0,6,7,1649,0.218779065
146,Pakistan,0,0.176899348,0.5279035,0.226938599,0.828525655,0.117368393,0.154065134,-0.070548503,0.249599991,0.381300011,0.369199982,0.041265081,0.084654707,0.042366667,0.545233333,-0.07806,0.863805,-0.04042,4876.630554,0.316,0.243,0.7391436,0.368,0.242,0.346,0.301,0.774,0.65,0.775,0.891,0.5014,-0.794,1.012,87.333,0.592,0.586,0.486,0.514603683,0.67273,0.019208461,0.13724,22.782,22.782,6.893,27.841,3.454,0.257791996,0.009,0,6,7,3753,0.174058452
148,Panama,0,0.236000159,0.710053818,0.02739237,0.514430009,0.119524644,0.404227547,-0.026873131,0.177199993,0.678799973,0.144099998,0.040763373,-0.003812603,0.062866667,0.710233333,-0.05657,0.52699,-0.04406,26775.69445,0.498,0.221,0.958345566,0.749,0.467,0.578,0.87,0.616,0.689,0.666,0.957,0.7301,2.82,1.061,97.4,1.003,0.827,0.833,0.500578478,0.78506,0.047010275,0.19012,29.677,29.677,5.108,18.705,2.437,0.69472229,0.05,0,2,1,28,0
150,Paraguay,0,0.332858092,0.488344845,0.108170924,0.653143706,0.119520656,0.191897409,0.041652307,0.181399994,0.631399994,0.187199993,0.025374914,0.028334078,0.0659,0.7515,-0.04242,0.301975,0.0033,13012.8757,0.457,0.235,1,0.581,0.361,0.358,0.637,0.64,0.715,0.566,0.986,0.6125,2.872,1.849,80.333,1.575,0.701,0.773,0.508145076,0.74254,0.023566667,0.86655,26.308,26.308,5.539,20.341,2.405,0.53243309,0.011,0,2,0,2,0.041167069
151,Peru,0,0.305822085,0.543727278,0.067461796,0.647141681,0.132392364,0.178207416,0.012322597,0.151999998,0.574300003,0.273700008,0.028973224,0.017602846,0.0415,0.8069,-0.039076667,0.31229,-0.009196667,11879.2359,0.415,0.202,0.983466034,0.803,0.585,0.579,0.909,0.844,0.945,0.783,0.98,0.7407,2.775,2.34,88.2,2.199,0.841,0.922,0.496745193,0.76736,0.002896451,0.37817,30.984,30.984,5.579,17.756,2.233,0.641127319,0.031,0,2,0,400,0.04834835
152,Philippines,0,0.283981277,0.614170642,0.101848081,0.732064393,0.124677544,0.173830762,-0.077986523,0.191200008,0.580299988,0.228600006,0.064636665,0.034423707,0.026466667,0.6198,-0.02931,0.4202,-0.0137,8390.353144,0.423,0.167,0.95628624,0.433,0.292,0.373,0.455,0.66,0.476,0.714,0.974,0.7431,1.124,1.426,94.857,0.098,0.814,0.466,0.502174486,0.71231,0.002103905,0.21703,25.687,25.687,5.92,20.166,2.526,0.712324905,0.009,0,2,0,1063,0.040045923
153,Poland,0,0.281645202,0.574606759,0.02390111,0.57541423,0.180019303,0.17312067,0.067624506,0.321300011,0.587099991,0.091499996,0.049084263,0.024716334,0.0356,0.7037,-0.03064,0.51686,0.00901,34264.75976,0.302,0.154,1,0.632,0.418,0.375,0.787,0.665,0.716,0.684,0.986,0.6818,1.723,0.704,96.667,0.344,0.844,0.71,0.484531783,0.778560976,0.016041808,0.52592,41.678,41.678,10.8,9.9,1.42,0.885085831,0.073,0,2,64,800,0.043602734
154,Portugal,0,0.192160105,0.660981705,0.019773206,0.63848484,0.168300455,0.191490105,-0.019683977,0.246800003,0.698300018,0.055,0.029482101,0.004398186,0.068833333,0.753566667,-0.021183333,1.242345,-0.000786667,34495.92247,0.335,0.172,1,0.876,0.598,0.771,0.967,0.916,0.919,0.785,0.971,0.4857,2.412,1.816,93.333,2.625,0.945,0.967,0.473097246,0.806829268,0.080895936,0.39957,46.158,46.158,10.9,8.4,1.42,0.607458801,0.086,0,2,280,138,0.041559701
155,Puerto Rico,0,0.51131345,0.488416039,0.006180051,0.638199069,0.080142325,0.115110488,0.139819668,0.1521,0.836999969,0.0109,-0.018495383,0.03,0.095566667,0.502066667,-0.049516667,0.6301,0.07,35279.34703,0.55,0.431,1,,,,,,,,,,,,,,,,0.473818179,0.799285122,0.074654964,0.3369,44.467,44.467,9.4,6.4,1.035,0.884521637,0.021,0,2,0,0,0
156,Qatar,0,0.512012045,0.538304927,0.002866543,0.245252239,0.185196315,0.425803006,0.14374844,0.537000008,0.451399994,0.0117,0.00170692,-0.009837136,0.012266667,0.875733333,0.040556667,0.67028,0.026906667,89948.61058,0.411,,1,0.08,0.026,0.099,,0.437,0.045,0.194,,0,-1.067,-0.898,99.667,-0.979,0.403,0.167,0.75150639,0.80227,0.754976279,0.06419,32.264,32.264,1.244,9.385,1.846,0.680085526,0.009,0,6,14,5330,0
157,Romania,0,0.263671561,0.590458918,0.038363267,0.62767935,0.176384153,0.245060389,-0.044639528,0.300699997,0.486899986,0.212399998,0.053071411,0.03694804,0.043133333,0.680266667,-0.057103333,0.43464,-0.047173333,31945.74966,0.358,0.238,1,0.76,0.572,0.379,0.913,0.859,0.778,0.705,0.799,0.3184,1.755,0.987,97,2.067,0.861,0.898,0.486228642,0.754585366,0.011631348,0.00765,43.171,43.171,13.4,9.6,1.76,0.911620102,0.009,0,2,0,503,0.059956376
158,Russian Federation,1,0.299864875,0.562674932,0.037001961,0.511664353,0.183695695,0.239879494,0.049632851,0.267900009,0.673799973,0.058299999,0.022220061,0.035767744,0.0506,0.7418,0.00254,0.164825,0.043463333,28213.44784,0.375,0.126,1,0.261,0.186,0.137,0.338,0.068,0.125,0.418,0.883,0.675,0.007,-0.634,99.692,-1.648,0.718,0.331,0.463497785,0.730839024,0.081162179,0.45806,39.586,39.586,13.3,9.8,1.504,0.938479233,0.152,1,2,28061,264,0.114318384
159,Rwanda,0,0.193291478,0.464159151,0.262519547,0.753252255,0.157986329,0.245261445,-0.162830934,0.086300001,0.290799999,0.622900009,0.073387989,0.042956885,0.0112,0.841666667,-0.043976667,0.559635,-0.116493333,2213.96119,0.437,0.382,0.377824364,0.212,0.14,0.177,0.287,0.202,0.304,0.516,0.537,0.9304,0.44,-1.758,99.82,0.264,0.76,0.206,0.491609655,0.69024,0.03803081,0.25246,20.039,20.039,5.123,31.249,3.99,0.134044104,0.03,0,2,0,12,0.049716548
163,Saudi Arabia,0,0.413646283,0.56235348,0.025625723,0.389362764,0.238486847,0.263930185,0.020828889,0.247999992,0.727900009,0.024100001,0.006746813,0.012700888,0.067966667,0.577666667,-0.071386667,0.276125,0.039466667,46762.46927,0.459,0.127,1,0.016,0.02,0.072,,0.296,0.043,0.197,0.01,0,-2.197,-1.424,99.286,-1.606,0.305,0.107,0.578255441,0.75133,0.322949425,0.15713,31.797,31.797,3.505,17.297,2.275,0.772074127,0.009,0,6,5,16091,0.217068628
164,Senegal,0,0.230891864,0.490204957,0.15817703,0.685125416,0.137641705,0.322634679,-0.144745822,0.131199999,0.567799988,0.301000004,0.06006378,0.015889952,0.067,0.471333333,-0.046553333,0.653045,-0.091983333,3481.309922,0.403,0.467,0.704,0.747,0.404,0.618,0.788,0.679,0.715,0.797,0.365,0.6627,1.872,0.606,84.4,2.19,0.818,0.937,0.4879849,0.67941,0.017399514,0.51878,18.514,18.514,5.596,33.952,4.556,0.178248291,0.009,0,6,0,163,0.058273245
165,Serbia,0,0.248050322,0.515154802,0.064963276,0.682327133,0.166456163,0.231731019,-0.089023381,0.274300003,0.569599991,0.156099997,0.036149329,0.017948678,0.107366667,0.670733333,-0.021623333,0.55569,-0.053266667,19230.63006,0.362,0.232,0.998,0.342,0.234,0.258,0.345,0.432,0.315,0.582,0.885,0.4893,2.15,0.803,91.376,-1.112,0.871,0.511,0.489809977,0.756853659,0.091226221,0.43554,41.575,41.575,14.6,9.3,1.52,0.917877426,0.033,0,2,117,373,0.045861767
167,Sierra Leone,0,0.061859366,0.298577233,0.612913531,1.001458999,0.083740736,0.095933756,-0.245018026,0.067600002,0.387599983,0.544900017,0.044192762,0.147609419,0.0446,0.588833333,-0.04722,0.718015,-0.1862,1738.556327,0.357,0.568,0.227,0.574,0.39,0.535,0.568,0.665,0.689,0.957,0.96,0.842,1.897,0.733,92,1.879,0.788,0.836,0.499090697,0.54696,0.014134573,0.57077,19.402,19.402,11.512,32.879,4.169,0.189,0.009,0,6,0,1,0.02152699
168,Singapore,0,0.243650392,0.709479448,0.000324028,0.356436316,0.10300295,0.226192981,0.319182282,0.155500002,0.844100037,0.0003,0.031210222,0.00273988,0.0398,0.771533333,-0.004683333,1.286905,0.157523333,98525.95435,0.38,0.1,1,0.389,0.104,0.34,0.766,0.709,0.51,0.379,,0.9581,1.275,-1.267,91.8,-1.068,0.82,0.35,0.523432045,0.83497561,0.453917919,,42.226,42.226,5,8.8,1.14,0.821780472,0.165,0,1,48,2366,0.112991086
170,Slovak Republic,0,0.264224693,0.610120793,0.021828712,0.566509788,0.196775883,0.188750936,0.008089556,0.360900002,0.611199989,0.0279,0.004691287,0.023718466,0.0636,0.7246,-0.03223,0.545595,-0.017893333,31832.39461,0.25,0.119,1,0.836,0.617,0.665,0.934,0.928,0.942,0.801,0.994,0.6581,1.458,1.065,100,2.615,0.906,0.944,0.486932754,0.774707317,0.032654179,0.4624,41.249,41.249,9.8,10.5,1.56,0.990162201,0.158,0,2,53,116,0.03535708
171,Slovenia,0,0.290965588,0.57107756,0.020323586,0.524189126,0.184024913,0.205928791,0.098787242,0.340999985,0.616100006,0.042800002,0.006788785,0.011047581,0.0491,0.748366667,-0.024116667,0.73525,0.06256,39593.30744,0.246,0.12,1,0.748,0.551,0.572,0.939,0.803,0.916,0.769,0.971,0.5264,1.453,0.731,99.571,-0.146,0.921,0.728,0.497962415,0.812804878,0.114129641,0.44882,44.539,44.539,9.9,9.3,1.61,0.981710129,0.188,0,2,0,0,0.022955073
174,South Africa,0,0.252046392,0.614488552,0.024042702,0.602371948,0.212957369,0.124264038,0.049364514,0.223099995,0.724100037,0.052800002,-0.020066552,0.039509378,0.2804,0.600633333,-0.072126667,0.696075,-0.014636667,12095.85629,0.63,0.555,0.85,0.701,0.43,0.6,0.745,0.87,0.784,0.711,0.901,0.6605,2.923,1.077,94.375,0.927,0.804,0.807,0.492609296,0.64131,0.057670904,0.32646,27.621,27.621,9.398,20.129,2.381,0.818046799,0.153,0,2,402,0,0
175,South Sudan,0,0.330945354,0.565504513,0.103550133,0.791687467,0.073291473,0.057507564,0.077513494,0.163899994,0.232299995,0.603800011,0.019033383,0.668062457,0.122566667,0.738933333,-0.012993333,0.40174,-0.104613333,1234.725576,0.441,0.764,0.067205353,0.191,0.085,0.054,,0.177,0.21,0.378,0.018,0,0.858,-2.221,73.167,-2.635,0.466,0.135,0.50054937,0.57846,0.06678562,0.79801,19.04,19.04,10.342,34.653,4.619,0.332,0.009,0,2,0,8,0.026579014
176,Spain,0,0.205782662,0.675415308,0.031557514,0.573440759,0.188738982,0.204584478,0.014908647,0.204300003,0.755400009,0.040300002,-0.021529244,0.006839776,0.1501,0.7413,-0.056043333,1.062955,0.015796667,38334.61134,0.347,0.207,1,0.886,0.635,0.787,0.971,0.97,0.771,0.907,0.995,0.7575,2.261,1.322,99.833,2.092,0.944,0.933,0.491464969,0.834853659,0.126902372,0.1919,44.858,44.858,8.8,7.6,1.24,0.807694321,0.21,0,2,4506,408,0
177,Sri Lanka,0,0.262475369,0.596656652,0.083611944,0.698408858,0.094384407,0.252353117,-0.063562512,0.278700008,0.471500015,0.249799995,0.006527003,0.039391255,0.044766667,0.5845,-0.08463,0.9344,-0.022373333,13225.4088,0.393,0.041,1,0.606,0.346,0.34,0.835,0.683,0.298,0.553,0.801,0.7589,0.838,0.626,99,0.101,0.769,0.606,0.479485879,0.76978,0.0018685,0.81287,33.95,33.95,6.75,15.544,2.188,0.810301971,0.009,0,1,0,205,0.102966544
181,Sudan,0,0.22882448,0.360927522,0.20917201,0.887023496,0.061903108,0.057865352,0.002954803,0.168199997,0.448100014,0.383699989,0.020550439,0.882030942,0.171133333,0.497133333,-0.082133333,2.31434,-0.153763333,4243.781936,0.342,0.465,0.538270721,0.188,0.107,0.18,0.305,0.398,0.338,0.767,0.087,0,-0.303,0.129,76.333,-0.181,0.342,0.519,0.499604566,0.65311,0.012513445,0.64747,19.659,19.659,7.117,31.826,4.347,0.047,0.01,0,6,0,230,0.082544522
183,Sweden,0,0.215915492,0.656751528,0.013715899,0.452872531,0.258793969,0.245183077,0.043810497,0.184200001,0.798899994,0.016900001,0.001673534,0.014116845,0.072166667,0.829466667,-0.008863333,0.368075,0.043276667,54563.12141,0.3,0.171,1,0.905,0.649,0.842,0.949,0.975,0.988,0.943,0.995,0.8718,3.016,1.314,97.05,3.383,0.942,0.968,0.500922047,0.829585366,0.167675588,0.12023,41.078,41.078,8.6,11.1,1.7,0.920146332,0.29,0,2,959,133,0.022909607
184,Switzerland,0,0.245822886,0.719690094,0.007040358,0.520147465,0.111610125,0.267030094,0.102925392,0.203400002,0.770699997,0.025899999,0.018933852,0.001911156,0.0468,0.841133333,0.00023,0.41355,0.058933333,71352.3526,0.331,0.16,1,0.892,0.787,0.855,0.934,0.992,0.93,0.969,0.996,0.4512,2.095,2.337,100,3.059,0.94,0.985,0.496110631,0.83704878,0.293866855,0.26085,43.053,43.053,7.9,10,1.48,0.971908188,0.228,0,2,1034,140,0.021644917
186,Tajikistan,1,0.328346686,0.352558312,0.237878817,0.762417551,0.111544967,0.247614071,-0.211728179,0.1579,0.394900017,0.447200012,0.064999995,0.059411893,0.0696,0.4215,-0.03098,0.45631,-0.03218,3858.429415,0.34,0.263,0.996353912,0.161,0.066,0.063,0.087,0.083,0.044,0.233,0.014,0.86,-0.027,-1.314,96.25,-1.952,0.425,0.11,0.503870663,0.71097,0.032429109,0.72494,22.416,22.416,4.767,30.038,3.556,0.945381622,0.015,0,6,0,34,0.033362975
187,Tanzania,0,0.286749667,0.3625346,0.267370944,0.585535355,0.077683961,0.410182254,-0.010132741,0.064699998,0.284400005,0.650899963,0.060073397,0.034163432,0.020366667,0.8464,-0.015466667,0.38212,-0.026513333,2780.055548,0.405,0.264,0.377,0.409,0.233,0.337,0.501,0.845,0.761,0.76,0.598,0.5072,0.864,-0.608,96.752,-0.077,0.799,0.543,0.499732172,0.65456,0.004885355,0.64773,17.992,17.992,6.254,36.336,4.832,0.110265999,0.016,0,2,0,54,0.060524515
188,Thailand,0,0.331030825,0.58252065,0.086448525,0.497450895,0.161822194,0.238551677,0.049303507,0.228400002,0.457299995,0.314300003,0.00122933,0.003082297,0.008366667,0.743366667,-0.018176667,0.4534,0.053096667,18236.17611,0.349,0.099,0.999,0.194,0.108,0.061,0.142,0.617,0.72,0.564,0.058,0.7469,1.627,0.702,97.143,-0.648,0.679,0.283,0.486619924,0.7715,0.057582327,0.4857,40.102,40.102,7.786,10.168,1.514,0.495755196,0.009,0,1,4,1692,0.055231194
190,Togo,0,0.226999104,0.493151959,0.187766526,0.739998958,0.13705911,0.236126095,-0.09290084,0.192099991,0.484099998,0.323800011,0.040629784,0.011472028,0.0377,0.586266667,-0.01692,0.555855,-0.0272,2223.631491,0.431,0.551,0.524410973,0.418,0.259,0.337,0.33,0.13,0.37,0.635,0.907,0.9228,2.405,0.625,81,1.037,0.78,0.657,0.497588461,0.61042,0.037900068,0.572,19.35,19.35,8.324,32.707,4.259,0.1827075,0.062,0,2,0,2,0.066576479
191,Tonga,0,0.153791225,0.504895764,0.170682174,0.941012766,0.189309203,0.334942147,-0.455058861,0.308700008,0.497599983,0.193700008,0.014521573,0.029888008,0.034833333,0.495533333,0.035103333,0.41421,-0.036606667,6647.858999,0.376,0.225,0.984,,,,,,,,,,,,,,,,0.500525086,0.70907,0.053979467,0.76901,22.415,22.415,7.102,24.01,3.518,0.879980621,0.009,0,2,0,14,0
193,Tunisia,0,0.217545791,0.613096285,0.117394742,0.722424402,0.206154088,0.17740763,-0.106656549,0.334599991,0.5275,0.138000002,0.0187497,0.065539394,0.1576,0.5154,-0.063183333,0.7973,-0.087606667,10261.69084,0.328,0.152,1,0.727,0.476,0.67,0.796,0.907,0.977,0.877,0.891,0.5502,0.732,0.165,95.625,1.774,0.867,0.823,0.495891482,0.76699,0.005038497,0.30432,32.835,32.835,6.257,17.089,2.174,0.445907097,0.009,0,6,0,333,0.088154674
194,Turkey,0,0.277952888,0.546440385,0.066035502,0.568733935,0.155272928,0.317664929,-0.03755919,0.253199997,0.565699997,0.181100006,0.037924997,0.14596081,0.128266667,0.579066667,-0.0488,0.346815,-0.02335,28119.45304,0.419,0.144,1,0.286,0.164,0.081,0.395,0.257,0.269,0.199,0.772,0.8624,-0.319,0.145,94.286,-1.001,0.498,0.147,0.493675428,0.77691,0.037690011,0.23895,31.549,31.549,5.443,15.782,2.055,0.660219193,0.012,0,6,1048,2083,0.075203651
195,Turkmenistan,1,0.420200872,0.471884278,0.107914851,0.15077921,0.077970801,0.472,0.101679294,0.398300018,0.394900017,0.206800003,0.063333333,0.09,0.0397,0.612466667,-0.00179,0.31971,0.0209,16195.53879,0.408,0.002,0.999,0.152,0.035,0.034,0.088,0.103,0.063,0.072,0.008,0.9169,-1.559,-1.734,97.833,-2.613,0.457,0.059,0.492325972,0.68191,0.036547116,0.47484,26.937,26.937,7.04,23.066,2.74,0.908,0.009,0,6,0,533,0.029
197,Uganda,0,0.261755871,0.430125681,0.240282122,0.715023073,0.088202238,0.252023795,-0.046748928,0.065100002,0.213600006,0.721299973,0.055916917,0.030958307,0.0197,0.7116,-0.05142,0.41499,-0.068303333,2297.178684,0.428,0.214,0.413,0.31,0.204,0.24,0.168,0.614,0.708,0.722,0.693,0,1.356,1.024,96.857,0.267,0.682,0.539,0.492918585,0.63368,0.019201262,0.75046,16.733,16.733,6.381,37.377,4.824,0.240258598,0.009,0,2,4,82,0.131188937
198,Ukraine,1,0.208599362,0.556403969,0.092683964,0.74354483,0.187709616,0.075111669,-0.010521203,0.249599991,0.612200012,0.138199997,0.030309381,0.071903552,0.088233333,0.665666667,-0.03449,0.547555,-0.005536667,13056.70207,0.266,0.011,1,0.544,0.35,0.435,0.622,0.251,0.749,0.805,0.929,0.6378,0.924,0.909,82.286,1.11,0.901,0.723,0.463329667,0.718273171,0.107864612,0.30392,41.178,41.178,14.7,8.1,1.228,0.885,0.125,0,2,1201,122,0.088033869
199,United Arab Emirates,0,0.461603691,0.531087907,0.007308402,0.389123472,0.13278419,0.2383282,0.239764138,0.342200012,0.643899994,0.0139,0.017470376,0.009853521,0.0317,0.8285,-0.028246667,0.32581,0.070293333,69957.61808,0.26,0.195,1,0.1,0.04,0.087,0.49,0.181,0.181,0.364,0.006,0.3482,1.1,-1.14,96.5,-1.354,0.605,0.171,0.691210568,0.77972,0.884040484,0.12952,32.621,32.621,1.521,10.223,1.387,0.84167717,0.011,0,6,653,4241,0
200,United Kingdom,0,0.169163069,0.727900858,0.00574942,0.640402798,0.190786581,0.169637966,-0.003578059,0.181200008,0.808300018,0.0105,-0.02388945,0.015185533,0.040266667,0.777166667,-0.0599,0.94451,-0.035683333,44916.22834,0.351,0.186,1,0.872,0.643,0.755,0.948,0.92,0.945,0.957,0.913,0.673,2.522,1.703,95.778,2.897,0.923,0.964,0.494099122,0.81204878,0.132009782,0.16097,40.467,40.467,9,10.7,1.65,0.99802597,0.312,0,2,4669,2886,0.042274861
201,United States,0,0.18156371,0.773148575,0.009168652,0.678600687,0.139738935,0.2101429,-0.028482415,0.199099998,0.787399979,0.0136,0.024967734,0.018294593,0.052933333,0.727066667,-0.08979,1.176515,-0.025036667,63543.57779,0.414,0.114,1,0.815,0.581,0.585,0.852,0.934,0.852,0.979,0.979,0.493,2.381,2.619,97.167,1.741,0.904,0.923,0.494817844,0.787878049,0.144906535,0.17336,38.308,38.308,8.7,11.4,1.705,0.964607697,0.186,0,2,51993,2899,0.079261766
202,Uruguay,0,0.179510588,0.630110589,0.0748145,0.668313379,0.1383581,0.169979748,0.043782342,0.188299999,0.727600021,0.084099998,0.008187028,0.084149762,0.1012,0.753233333,-0.031646667,0.63223,-0.001636667,22795.05875,0.397,0.088,0.999,0.865,0.697,0.754,0.947,0.964,0.897,0.855,0.921,0.9013,2.778,0.305,98.091,2.01,0.9,0.978,0.483151382,0.77911,0.020923167,0.04485,35.76,35.76,9.473,13.74,1.963,0.576345406,0.415,0,2,0,36,0.063688524
203,Uzbekistan,1,0.327844693,0.334992177,0.260686197,0.541545198,0.169006737,0.374631248,-0.104230025,0.230200005,0.512700005,0.257099991,0.052354486,0.11,0.057766667,0.652333333,-0.005933333,0.336615,-0.061183333,7378.25472,0.353,0.141,1,0.227,0.073,0.194,0.272,0.088,0.211,0.369,0.027,0.678,0.333,-0.25,100,-0.888,0.68,0.382,0.498874144,0.71725,0.039169032,0.49584,27.809,27.809,4.6,24.3,2.785,0.999171906,0.009,0,6,68,286,0.0355
205,"Venezuela, RB",0,0.372446889,0.516674782,0.050267536,0.752896022,0.146033538,0.248102028,-0.147031588,0.153400002,0.768099976,0.078600001,0.010248882,1.4628509,0.0784,0.6427,-0.153486667,2.684555,0.045323333,17527.74874,0.448,0.331,1,0.209,0.153,0.041,0.073,0.015,0.192,0.431,0.757,0.4574,0.855,-1.654,85.143,-1.92,0.765,0.244,0.491804756,0.72064,0.045147366,0.11721,29.592,29.592,7.118,17.566,2.25,0.744302292,0.097,0,2,0,188,0
206,Vietnam,0,0.337241077,0.416252764,0.148531617,0.681621467,0.064606347,0.266617883,0.029227517,0.274400005,0.353400002,0.372200012,0.05666353,0.03185462,0.018233333,0.829866667,-0.03244,0.4499,0.026303333,8650.653672,0.357,0.067,0.994,0.218,0.182,0.146,0.5,0.14,0.154,0.661,0.915,0,-0.222,-0.494,97.75,-1.327,0.751,0.287,0.499270202,0.754,0.000778971,0.6266,32.49,32.49,6.38,16.454,2.05,0.653397903,0.299,0,3,0,2496,0
209,Zambia,0,0.42735935,0.483204433,0.027324363,0.422491005,0.176841993,0.392619047,0.004812797,0.105299997,0.398300018,0.496399994,0.008199913,0.107924912,0.1203,0.7531,-0.107276667,1.06129,0.002563333,3449.609322,0.571,0.544,0.43,0.339,0.205,0.27,0.203,0.552,0.853,0.753,0.538,0,1.586,1.861,99,-0.979,0.737,0.579,0.495160345,0.63886,0.007890257,0.55371,17.592,17.592,6.321,35.776,4.559,0.217,0.009,0,2,0,126,0.047805455
210,Zimbabwe,0,0.126124019,0.37440465,0.050739996,0.470687015,0.15652537,0.057110457,-0.073342906,0.065700002,0.272399998,0.661900024,-0.042009468,0.033230529,0.052733333,0.839866667,-0.047993333,1.004955,-0.018533333,2895.415645,0.503,0.383,0.410891075,0.288,0.193,0.204,0.196,0.356,0.648,0.618,0.713,0.8516,2.053,-0.442,99.875,-0.359,0.758,0.294,0.47716106,0.6149,0.025563825,0.67758,18.668,18.668,7.773,29.747,3.531,0.649352264,0.076,0,2,0,0,0
